id,name
4c08306c-4aa9-41a7-a212-2b726438eda6,Kelly Singh
9d9d4347-9ca4-411f-8a86-3afd0ac2c2af,Karina Thompson
d3f7cb04-8414-4dd5-89e2-0d68c23ab802,Melody Wright
8fd02671-b500-4ffa-ac80-7e4921675aa2,Henry Zamora
e56a9a89-1f8e-4e73-9aa6-79401425aa04,Emily Brown
92640262-88ef-4ac5-988f-a5df3d760314,Samantha Kemp
0b0591b4-648d-4ffc-97e0-0aef0a5eb8ec,Stephanie Adams MD
49fc217a-8d4e-4abc-8bb4-ee5ff59b37bf,Dennis Lopez
5863e891-ccab-4cab-8e08-a37f22a5d864,Matthew Jordan
5aafe636-7356-42fc-a9ec-16896ae7c06b,Jeremy Hernandez
1ddd0a6c-cf22-426e-be3b-5a66923547e2,Maria Moon
9be7c421-2f6c-4660-8a34-7a7fee4322b9,Cassidy Gaines
3cebcad8-921b-46ff-84c7-87b55b817c2a,Sean Bates
228be1f3-4e4b-47d5-a80d-dd82d5664be2,Connor Hernandez
cef22fcc-6113-4233-ab41-61f0103657ef,Shelby Ray
c8ed78c6-5ab7-4630-8786-c7cf86290f19,Kenneth Hudson DDS
7a5a757c-59b7-4f7c-a454-54fcad2b04ce,Chloe Payne
755a3425-92c9-4bf1-9969-5f9bc2248dd4,Amanda Nelson
630b595a-cd45-40b0-a5ba-9f68124822f3,Shelly Benitez
5e932c09-1e4d-485c-b913-f0502171de2f,Chad Walsh
8c03c16b-ef31-4fd8-9396-11884da78ed1,Cameron Smith
f22fafe6-da4c-4902-a0c8-c1a521029f33,Gregory Werner
b023c9ac-acb3-4c7e-90f0-1b2e4290a3f9,Brandon Lindsey
0b1019c4-24bd-4cea-a058-09af74879ec2,Jimmy Bridges
435e412a-af58-4c84-b328-35bbf4cd9c5f,Amanda Hill
88e220d9-423c-414e-b011-560f00b0c556,Kevin Castro
76c260a6-2248-4d19-9f19-a2f3a253cd97,Katelyn Thornton
fd04f7b8-31d6-4446-b542-c41f7b9bb9f3,Amanda Martin
c58cf540-2f31-4078-b939-610de40f2035,Tracy Gibbs
24ba5244-739d-4840-b098-73eca549b4d8,Gregory Hayes
f19f1045-8b6b-4f4e-9cb6-424ee5579a90,April Morris
f2ce704a-ba99-444e-a0f2-762da80e820c,Lawrence Brown
d1ecf676-f1fe-4449-bfd4-f174d06f9e29,Sean Koch
558435e0-b225-492d-ad52-06f44cbf45c2,Mark Barnett
d1388fc5-0a27-4920-b960-25bd09ca4768,Devin Clayton
463952eb-26e0-4689-a810-1d4618f1fad6,Chase Garcia
806c7e53-2739-428b-956b-ef3afbd4167a,Tamara Berry
f332da41-b02a-4ca5-9558-34b8514e2f80,Tanya Craig
5d7dafc5-42ff-475f-b3aa-43311dd447a8,Jeffrey Bailey
3cddf588-a2d7-4d77-8bde-c7ecde587126,Mark Jenkins
3fd8c025-9496-429b-948e-74b8cf3390e1,Ronald Jones
d334d41e-fe77-4659-85e9-acbd5e768756,Christopher Robinson
40cf1a82-27f1-402b-bd88-862dd29cb73b,Jessica Valdez
b095beb2-071d-47df-9454-fb9590e551fb,George Cline
9df49c50-13aa-436a-a257-7d7100a62d7f,Daniel Mendoza
ad361407-49e5-445d-a018-07f4c253b829,Emily Anderson
4381f711-76b2-47bc-84ee-75002fda10b8,John Blackburn
bd986c1c-0d9e-43de-9a50-096655e290bd,Mark Smith
655cfbd9-afee-4291-ba49-92bcd452b9a2,Kristen Ramirez
1b08f161-ab56-497c-a77c-aba12fd333fc,Nicole Curtis
deb93bf3-6759-4391-b6f1-32cc8930e90e,Troy Henry
0cf0d96a-59aa-4089-9e12-85842990d50b,Jennifer Manning
46a32f99-40b3-46fb-8f2d-21922b85f946,Amy Wolf
c8caaf15-4fe2-445c-82a5-1e379a44167c,Dr. Matthew Hancock
e229ac73-2467-4fe1-9d0e-8631025a14bd,Steven Williams
1aeff8bb-87a1-4ecc-b4fd-0ab140c13cfd,Tyler Henderson
2fa560fe-cdb5-4379-ba3a-a7adc6cb7e55,Russell Mitchell
84c4e5ef-cc30-46a1-9083-481f1799ae23,Lori Butler
acd3a295-e47e-484f-a9af-1b0924df049f,Alex Rosales
e13ff90f-7d96-4ad2-ab2a-4c997d6357d6,Lindsey Ellison
51e4b68e-ec39-4075-86fe-c6d265701c59,Ryan Austin
713847e1-9c53-44df-ba15-e196b7812e2d,Kerri Wilson
b06ad8ac-90d6-40ca-9390-fd79350ec159,Sarah Ross
a2e6d20c-87d5-4037-a18c-8897ba414345,Lisa Ramirez
4e973b8b-c106-4719-ba7c-fc9a616a8ed8,John Larson
1670f558-823e-40e8-9938-d4338cb6d60f,Ruben Bennett
e40e269f-b0c3-489b-acad-b8fcea87e27c,Jennifer Singh
b52fab18-53df-4419-b70e-9d436b029ab3,Marc West
bbf4bd55-a602-4bf3-9900-bc92bed24483,Erika Phelps
d7423f2d-eb80-4c50-8f0e-c265c92b6449,Kyle Jones
27236642-e65a-402b-a6b5-74dadf9fcb20,Tiffany Turner
06d3f00d-e8f5-410c-b92f-5efc33fc9289,Dylan Lopez
bfe8a5fc-b94e-49eb-8c39-c124dba168e2,William Diaz
3917baf1-71a2-41bf-a938-1a4d1ca144ad,Nicholas Benson
12f8cef2-70a2-48c3-989b-609fa3dc826c,Diana Webster
09e0a30d-63b9-4597-8978-b072c1218ff6,Diane Davis
34629490-7b6d-4445-bc14-e8c4ac121e14,Douglas Hill
709b702e-d46c-42ab-8656-0c4ec82dff49,Michael Ball
662d0a6c-c432-4568-a548-2581af779f71,Shelby Morales
2599be12-6b2b-42b1-8f03-72dfab29d4af,Lawrence Mclaughlin
b7945aa4-bd0b-460f-bfc7-196e8e94bb8c,Dorothy Schultz
d9ca2ddb-6815-4e5b-922e-87783edbd0ac,Katie Ruiz
d0ef2305-f2bb-4254-b5d1-81b81413af4f,John Hall
6323d2ea-4602-4673-90b4-a7f507e514b8,David Cooper DDS
4bf17ae5-8d88-4e78-8579-ad4dc1638272,Matthew Schmidt
a157f150-51c6-4e9f-8342-c8a0298f9080,Erik Gordon
51c58313-646d-4fc2-bc5b-854f99e2406b,Benjamin Gilmore
504ef7f0-4253-4924-bc52-122ce55ad455,Tamara Hinton
00fafe8a-8386-4585-b8b3-712c6593ded8,Micheal Ross
9c4efc53-e03c-44ba-bdfc-1f90a480ba42,Dale Ellis
cb95d870-824a-4640-807e-d98ed95aa389,Elizabeth Ford
a471bd6c-bc0b-42e1-a0f8-d01e7b1fb22d,Rachel Watson
71e0250d-400b-4ab2-8612-0568f7133e0b,Martin Cook
36693992-3422-4a9b-bcd9-809f2a334f9a,Dr. Melissa Russell
641ccd3b-fb02-4863-a66b-b17f61656626,Julia Velazquez
82d08323-8246-4e45-85e0-e41982cdcffe,John Simmons II
a00d626e-cf2b-4c88-afd2-53b4496b46ee,Jessica Richard
626f5c15-79ca-4382-90e5-0dd4f3f506f6,Cynthia Owens
a8d8b79c-a2fc-48cc-a1a4-ed722041cf15,Martha Pineda DDS
83baab67-4323-4092-a169-dcfc981d3c15,David Grant
a0ef16d7-0e68-4715-acdb-30dd06d6d330,Stephen Robbins
9f057a4a-f13e-4946-8e9b-b119d1bdaa66,Christina Ramirez
b161c9ac-1d6d-4a2c-9024-4ca6d9189e1d,Jacqueline Pineda
56268d51-5c30-406a-b77b-390afda131e7,Vanessa Howell
1d7f9925-256f-4684-81df-05a56fb923e2,Wyatt Bates
6542b3ce-9cc1-4dd8-b94d-9a0bdb3095df,Andrea Bentley
d62ab89e-6d3b-4ece-b681-a42a035b70ac,Debra Wolf
b8b5ba3f-c6e5-4798-95c3-bca7d7ab20f2,Robert Black
de008029-a483-449d-87e8-a5f0e5100ac0,Emma Mitchell
98d325f5-7a10-44cd-b6b9-ef4ba2db5b91,Garrett Black
e07b97c0-e63f-4820-adea-b76efb590ae7,Leonard Jackson
34439ce6-dfcc-4e42-ac06-f2279c7339f2,Natasha Wright
f1cbfbb0-fde6-41d7-9e88-2c247ad8f0a7,Jeanette Johnson
d618e4b4-8e23-494d-a102-10b3de59813d,William James
9b6c8837-6731-4c05-9960-8934ca104328,Andrea Page
02905397-e675-434a-86ad-2331965c7064,Mary Deleon
e124bf9a-c6d4-4811-a319-4956f3bf2c27,Erin Baker
a677a0cc-15ef-4ac8-96bc-bdec4f662902,Heidi Randall
42348deb-4e90-4fa9-b4d0-323d04c75523,Danielle Weaver
a2231721-5d6e-4fe0-b846-e1f361f88378,Pamela Harris
2e9a4d65-80a5-49f8-910f-6bca1ab4c891,Stephanie Hanna
7db713c0-b1a1-4606-bac9-1ac419fbd841,Jay Cruz
cdef7020-6754-4a0c-a77f-e33831af99c3,Jonathan Bennett
93acdb57-728e-47b1-8919-42952e2ce1ef,Julie Robinson
49a0834f-d35a-4ddc-93e9-95855e713a34,Justin Leon
702aab57-852c-4990-9d33-084cc1f64cbe,Ronald Tran
43230136-dc30-4e17-b501-d8350ddc582b,Lauren Love
e47981f8-6aa3-47dd-a638-7d31ec7c1e69,Robert Phelps
efd7e1de-68b3-4c65-a87d-43aba27b0ba1,Bill Owens
975d8174-9475-46e1-b7fb-f032c3062c2c,Debra Morrison
785cc2de-0985-4f82-9280-ee0547f20abe,Anna Hunter
79650713-c944-40ba-8acf-dbc0dc2c07ad,Ryan Carpenter
f5a09cad-c490-4daa-8fb0-2f86a4e7e923,Glen King
0e2c9c17-4b88-45bc-b091-fa761209609a,Anthony Dickson
bb0fbaca-3b84-4faa-885c-4452777e68d8,Barbara Pearson
d2b3d4d8-f5b4-4c8c-baaa-0dd7b77e0cc0,Karen Freeman
bc46c163-2471-49a6-840b-e99fbc69a605,Donald Weber
e62dc27b-fd9f-4d5d-8d32-5479b723b739,Alison White
bde33ada-e0f1-4761-903c-87caf66a2586,Jonathan Arroyo
1e2e3e7a-e590-4f08-89b4-15525881598b,Emily Barnes
2545bb91-ca52-417b-94e5-d25abfa7bd28,Carrie Wilson
b263db97-89be-45d5-95da-444bf5852578,Courtney James
b8a6dc0e-e81e-4632-95c6-1167660a8807,Rodney Gardner
0bc2d880-2fd3-487a-b488-17c5415675b1,Jessica Taylor
17a2d385-d925-4b5c-a693-0aa6d3f5712f,Jonathan Rowe
ccd3a082-f6d7-4d65-970b-33d70aed5e82,Kevin Graham
2b3a84a8-f0fb-4785-a280-e7fb0ffd62ba,Daniel Jordan
a531bba2-aa58-4066-a88e-4d077d6069cd,Larry Gilmore
b1962aaa-3d2c-43f7-a8f6-568b130320c8,Rebecca Carr
5045e4f2-33ba-4bc9-8c78-6210dcc2f3d0,Mrs. Hannah Figueroa
e83aa07c-cef3-40a5-a0fc-c24164cb9e49,Christian Schneider
f6128772-ae0e-4964-89fe-9b30c94db997,Robert Torres
9b509060-f6c7-42ca-9e51-6ab55d0e5ff2,Sheila Fisher
9963c5e7-f7c3-49bc-8a6e-1238b64fb100,Angela Huffman
f9e43b7b-c9e8-41d9-bbdb-268b8a18c298,Curtis Moore
a71677ba-e98f-4edb-b6e7-3c6cb9a710aa,Richard Holloway
c4f89f98-23b5-4388-b2ae-da044a8c7e92,Roy Young
80247ab3-4354-4ea2-9d1d-b6ad5962424b,Ann Yoder
441b49b2-2dae-4ef4-96d9-f04f6daa816d,Stephanie Koch
3c5336f3-b466-4fa7-9899-3908122ea4af,Ashley Franco
3e6d8bf3-f6fb-4e24-a2fd-3170963e547c,George Garcia
0044bc8c-f788-4f3b-be4c-bb8589b0041b,Laura Hernandez
5905bc97-46f3-416b-b210-048111a18bf7,Deborah Jackson
8b916ba3-6ccf-4bb2-a750-a16691c6cd41,Joseph Fletcher
05581dbf-0d26-4eee-ab69-7ffb8136deef,Molly Smith
ce84493a-d9a1-456b-8fab-1e7f7ce89915,Jeffrey Franklin
bf883342-9b9d-4516-8909-8296d303ad37,Christian Fernandez
ca51297e-c33a-4dd2-b0ea-eb3f7374e28d,Chris Graves
7b771ef8-dbc9-4fa6-94f7-d8ad16f5ecc2,Michelle Sheppard
90b440a6-0afb-49a6-b48b-f39d79f4c353,Julia Baker
847fc153-bd2b-4b6a-98a2-8f5d218d6ba2,Stephen Young
a324abbc-1422-40e5-9022-976169920cf1,Erin Lucas
bf45dba4-7fc5-45e0-9625-77dca86a34f1,Sharon Marshall
2833b223-295c-415d-bb78-9b5d97f87c6e,Leslie Hicks
ca0412cc-4a71-4ea5-8b38-f3676f3fc529,Joshua Turner
2c0bfccc-5029-4c92-a163-32d58953dea1,Angela Weber
418088cd-98a6-47a6-b46f-2836c49244c0,Paul Marshall
ad2bbe1f-a363-4dd3-b735-7a0e4eb24b0e,Leslie Cruz
168a8b47-5ce5-490c-8736-b476744de753,Taylor Thomas
b5b11cc5-d34e-4d82-878f-3826113098b4,Taylor Summers
7f208af2-7564-4b61-8303-f5d8cc70b30b,Timothy Navarro
b61b28c8-51fd-4e4f-a84b-d18c69e3d56b,Todd Burton
219d3515-bf17-458d-abd0-c68172677494,Michelle Roberts
8819f3b6-7525-4f42-911e-b7308a0ac11e,Michael Figueroa
2ac6918e-ae8c-4589-8f8c-d97767cf2a84,Christopher Ellis
bad01833-f551-4593-b740-eedb83a7b465,Timothy Meyers
1ba45a3f-8bd5-48cd-a54b-5851a71328f7,Timothy Waller
1fd34047-9945-4612-9c9c-4f6c653c1a31,Brandon Parker
34e40a2e-71a3-4d4c-9cba-bd098fcfec8c,Amy Taylor
ca9e043a-1bca-4102-aa98-a945e5a68075,Rachael Hobbs
e81d8004-176c-4315-ae15-8b5881a3cd42,Jonathan Johnson
91c1bbb0-341c-4b7d-9dab-75f4d664f690,Daniel Kelly
a4e726f3-e808-4c9c-89f7-e5dc9c479e38,Allison Oliver
0c82b60c-b8dd-4b70-bae6-7fe61a0265a1,Bonnie Jones
e7dcf796-aec8-47dc-b032-33d997e0c5e5,Terry Obrien
5643e3bd-de5f-4e0d-8292-c2d133d752c3,James Gardner
4a05aa2f-8cee-4542-8894-cd1cf8884dca,Scott Perkins
01035d1b-60a0-4e76-be8c-72875b9a8362,Mr. Adam Carey
1c812b51-69bf-4102-8419-6b2153bf2d8b,Janet Robles
6b71744b-2287-4093-9a1f-3fcc783c24e5,Traci Landry
89a2a519-b626-41d9-9cb5-ef8c7914188d,Mr. Clayton Kramer
87c3cda6-961e-460c-b5c7-b185374bf85b,Brendan Hawkins
f364f8a1-9156-405f-ae93-084ea576dbd2,Nancy Hernandez MD
70909cc2-31d2-4c50-8bf2-0c3966c86d44,Carol Lee
df290a58-172c-47f3-8d6c-227ddcd31fdf,Deanna Torres
3bae744d-4284-4f72-b8cd-3d57e2e05001,Eric Austin
3a50eaf4-1e7a-4859-93c1-37a6ea751802,Don Duran
74644a55-7516-4b4c-bc9e-4fccd4df1f6c,Alexis Cervantes
6faea3e5-835c-49b4-89ea-740d4625b6d8,Amanda Johnson
a357483a-d7f5-4fdf-947f-9666a6b62811,Brian Velasquez
f4dbb900-005a-45fa-8ee9-cd699bbe399b,Julie Fuentes
ac59b53d-51f5-4837-b9e2-77bf54472efb,Nicholas Mcdowell
94d14b35-00e1-4dc9-88f7-a09bdd8cb9a0,Mark Taylor
fdb5ca69-96f0-4d68-af66-77588c32049f,Kenneth Lynch
68ffcd48-be84-4912-ace4-c262d604d7d6,Richard Pitts
5bf6e615-01e4-4dcc-b4c8-9fe34509e0e0,Connie Harrison
7adcf229-589b-4946-b38e-11d4f021c927,Kevin Jackson
fa72d26b-4a8b-485d-9e1a-8667b0cc3be9,Michael Harris
22c04639-e99d-4889-a48c-c477fc24af16,Samuel Stout
8622eec2-4058-456e-ab85-1fd573d3baff,Calvin Mccullough
bd79f2f6-2279-4064-bd93-a7d5650b6083,Maria Cherry
ab36997b-90d8-4b1c-bc0a-d7d12728c5df,Victor Ramos
85610472-d069-4e3a-880d-42b113793169,David Hanson
9f435100-fca8-4c34-a36c-d280ddec18ad,Richard Martinez DVM
13f100d2-0c5b-474b-a242-e258d86a09ea,Theodore Anderson
a3a9df24-db60-4669-9df7-c87d05efefb0,Harry Taylor
18b3a500-0465-489f-8abd-29fab66fb2d4,Julia Sanders
6587bbd8-08cf-4812-80c5-b49b10f3162f,Lisa Lewis
a4ff563a-d8e8-405d-9696-7b2cde050728,Miranda Dixon
4965e714-cea6-4fc1-bd8d-4f5b40742a3f,John Hughes
6f0ce2f1-d0f7-4565-93d2-160fd3a73824,Scott Harrison
89238209-67bf-4539-9095-2bf64c9c514d,Mr. Jeremy Cameron
b504074b-f91e-4cfc-96ae-6fe67bd241d9,Dr. Chad Chavez
7315249f-3e1d-4d57-acd5-488bad4fc616,Matthew Stewart
0163f1c9-8f4c-4611-864d-14084b1a5aff,Jeremiah Smith
bbb93a42-4cc1-4234-8615-17ca2c7f7433,Nicole Bailey
b901c7f9-a152-41dd-a2c5-6cbcb4874c66,Mr. Matthew Meyer
9e6526f5-8a68-48c4-b90c-bd544967307f,Ryan Huynh
dbebd7be-8a73-452d-ac62-c1cafbd04942,Wesley White
1c0d05a8-6776-4232-b78b-9e2a5d6feab3,Michael Gallegos
febdd95a-e740-4942-b617-9a62e39b7e70,John Washington
36edc6d6-29ea-441c-b146-3e22370c9979,Dana Gentry
26f56d8d-3213-4b2d-99b0-59bc02c80bb8,Michael Williams
63ce7aba-1a9e-4872-b97b-5d43819b1c89,Brittany Rodriguez
2d86395e-04b9-46b9-b3e4-452d3f653c42,William Oneill
ca55b97d-3298-43d3-94aa-3af095015c67,Michele Mayer
da10aaf7-1db5-4587-b68a-0877cb34f445,Brandon Hill
ac4cdcc5-7992-4b5a-ba3c-85abe15c6c94,Carrie Abbott
a236567e-bb7c-40c6-b012-632f85ee8e13,Destiny Tran
eee8b3b7-14a2-4bfd-b820-6465d9f696a5,Jon Heath
cdf4b56e-122c-4f05-8b9a-dcf34318d20c,Victoria Edwards
0df34657-7d9a-41c2-a185-f6ae95d3d480,Chad Jackson
0b895404-7b9f-45af-86b1-dda69ac8d1a5,Joseph Griffin
058a7168-16c6-40e1-a61d-46132b77fc03,Brad Hogan
41470e32-16e0-4d72-87db-a03b766e1027,Shirley Stone
76177cbc-a62d-4c92-a6ec-d99e2777ed31,John Fischer
75732fe3-be02-4470-b905-8edc0f01467f,Haley Obrien
ec800f2c-0aab-4bc3-8afb-0fae3e3b4c9d,Amanda Garcia
b2ec22a0-7c05-4e66-a730-88ed0b5c8a76,Blake Matthews
119467a9-2a36-4572-983e-edf8a7bac261,Lisa Murray
b4a4af85-22ab-41be-89b4-d95ad5623943,Kimberly Kaiser
adabad90-1aa0-48fd-a24b-49459b26800e,Dana Mcdowell
67f440d3-2c83-4d10-a6a2-0dba86c9c348,Amber White
12d37727-99a6-4e51-ae2c-b21af5b1f0b2,Christian Mathis
fbc809fa-66cb-44f3-bff2-5f641f221e97,James Stuart
e4f8bd6c-9bdf-4470-a085-03ab995cba8b,Stephanie Nelson
524023ce-d35d-4082-ac7f-28c1f72a2c37,Catherine Navarro
6767ad73-4b76-4a3b-a57d-691fea07797e,Nancy Austin
7d88b924-ebe9-4643-80bb-f704ea7093c8,Andrew George
b784288c-4aaf-44b2-9221-eeabad49861f,Ernest Bowers
a215232e-567f-4aab-8630-7cad4845238b,Nicholas Gray
927cb83d-6711-41ee-9ff5-89ae6c5b3b36,Kimberly Jackson
a7f1a49b-0831-4993-bf49-84325820a94c,Patrick Richards
56b3ede1-fb7c-41b3-a49e-4fc069944f7e,Steven Flores
3665eace-01d8-47c6-891d-1af9c8472b31,Sara Potter
735534e3-ab32-4f15-9350-cb2ec3a130b0,Martin Barnes
de7634d5-063b-4ef1-96ab-5a34fa018016,George Farrell
f752544c-4d3b-47a5-b6b1-97776c1c910d,Kayla Brooks
b3675feb-390e-4eb7-8cb0-46d2ab119c3a,Kelsey Miller
7e377701-f9f2-4e9e-b7fb-a5ad5d720741,Michelle White
7ac58126-a1df-4794-a8dd-d9583f98b1ac,Roger Carroll
da3d5598-0add-4b35-bbbc-ed6075385ecb,Andrew Perez
5835a52c-0c5c-40f0-91eb-83fc53cfe821,Nicole Jackson
8c76f0ff-0d30-4fc6-870a-43af3b4df7c2,Renee Gibson
c4a194ef-e5a6-4c7b-851a-76499c6da33a,Mrs. Shelly White MD
262678ba-15fd-41c5-af77-8df5dea0c42e,William Ayala
f5af3d84-2bfe-4299-a25a-73af1963b4d4,Nicole Hall
0ffee064-0eab-4aaa-afb6-cc35f66c413a,Dylan Carrillo
49a76852-db84-4685-b067-7f227b23a06d,Barbara Koch
e283f5e8-4789-42cc-8f95-01627872aea5,John Lowe
e7801ecf-67da-4246-97f5-5c5073ab7a1f,Christy Rios
c5bab562-5d6a-458a-9d25-8d45ec626058,Bruce Cole
fc29d57a-9b2e-4385-9cbe-ca65a85046df,Elizabeth Ryan DVM
51904599-50eb-4ae9-ab3a-a39a567fe814,Christine Gonzales
dd2e8ff0-48d4-4a73-b27c-cd4f47ea5a13,Lawrence Clark
cfc2844a-b6f1-4838-a8bf-feb2645fbbe5,Kim Moore
1d6fb8db-c04c-45c4-a999-dd4c0b5370fc,Derek Smith
b928d00b-46c9-4205-9858-ed659e8b68f7,Christina Roberts
8b8ec968-fcef-4991-8432-9eefc49c796d,Emily Bishop
d5a203d0-caa4-448f-b73b-171e7ed26d05,Bethany Baker
428941fc-8eb0-4949-bef8-b43a9b3c403d,Francisco Parker
1b896ed3-1ad2-43ca-a9ab-7cb555c650e7,Charles Waters
8994494f-68ab-4c92-bed9-91cdbbc10585,Edward Bush
aaee4076-5de1-4a2e-bd29-8632b32cd5d3,Scott Chaney
20c1764d-2888-4681-a0f5-7e5ceb68386c,Zachary Holland MD
b516153a-9652-432e-aebf-8048505de161,Christina Gonzalez
abf807b9-9762-4070-9390-b32ffac71a89,John Simmons
3358e69c-4790-4422-ac45-4c34dc5fcae7,Misty Reed
b2cf1987-4314-4140-a7c6-981babe979c8,John Long
17d9644c-11fc-475a-8967-28b2316a762c,Stephanie Anderson
e3c122d6-ec75-4df9-9775-126eb66718a9,Cameron Martin
a6fbbcd1-d16c-4d42-8e5a-9d1b673365a7,Rebecca Torres
1859a3c3-4969-404b-8f3e-5cffc3317066,Latoya Garza
d3ad9a2f-ca01-4dbe-b8e3-0129bef8ae62,James Walls
4b575c7f-19c5-4d2d-a4e0-32667b7a8414,Shirley Guerrero
19f64383-4fdc-4cc4-8af0-feff4a931d20,Mrs. Melissa Bernard
743f0518-8e34-4f88-9992-006fab18b164,Christopher Graham
dde0b747-095a-4bba-ab24-a4c86b21e889,Patricia Joyce
3ca05ef2-90ea-4f22-b987-3366f3fdeec6,Jessica Wade
8e085c40-75fe-46c0-bfbd-42a0e236d2d8,Tracy Garcia
5489c986-a59a-4c3c-8949-8f992ceeb51c,Emily Shelton
95db3189-5780-4260-9863-e6f1845d6466,April Baker
99a0c10e-e561-4ca9-ab52-daf5ce293473,Karen Garza
dae6775a-f344-4f51-89cf-4f513f39b404,Christina Howard
13150c7d-bcec-4afb-93f0-4f74bef7698a,Victor Hall
08c91fa1-2853-42eb-ba9e-5af057751be2,Louis Walker
7c8d32ff-ef89-4f81-946c-07adc180247c,Tyrone Ryan
887501c5-ad2a-4ec4-bf1d-c63149e0e215,John Lowe
52aa5fce-6e8b-4d50-bc20-7de34af03ba5,Brett Allen
fdfd7fb4-09d5-44c8-ae6b-6005e1450058,Kathryn Day
e283ed26-3157-47fe-b320-f4cd808112b5,Julia Henderson
39724b77-e4b4-41bd-9949-dbacf960d1d0,Jessica Meyer
cc2d954b-7e05-4756-8e9c-95b40ba54d14,Karen Sanchez
6db6d23a-65b6-4c85-a690-a63d0fb90b30,Thomas West MD
ef2d5937-84bf-42f9-9adc-81bb04ef73b9,Ronnie Anderson
b7291f65-0b73-4259-98de-e5d6742d8ace,Sarah Haney
33cdef9a-9ddb-40dc-92c7-072f1250a036,Susan Mann
17a1b04e-9207-4fab-982e-f91dce89d26a,Stacy Ibarra
ef6cfcb6-2e8d-4ed6-b8f5-7ef4f867d4de,Amber Cortez
36fc8114-98b2-4ef9-9a3f-922c82fab7e1,Jacqueline Morris
589d7258-86dd-4c9d-9416-cda8a61e03e9,Kenneth Wilcox
5fa895ff-2694-433a-9a12-f57eb6ae1708,Christopher Hart
7ae3c921-f5ac-4b0e-997b-d3fa7dd49421,Jennifer Sheppard
37ee52b8-21df-4413-a0e2-152726e741e5,Lori Butler
6074e40b-a1c2-4356-87b8-5044326bcef5,David Mann
c9195485-f6eb-4398-b892-a48447a3e0ef,Brittany Brown
4bbb5092-a573-4b9e-b31f-aafacae42d84,Michelle Wiggins
1e2d3c67-df87-4dd9-b80b-40c4def2d656,Christopher Brown
783c872c-3955-48f0-bc01-113f33bad306,Joshua Mann
6da170fe-43b8-4c60-8c44-d3e812af18cf,Michael Conner
097717ed-1f79-4d5d-ae14-efc6280783fc,Jason Krueger
88d1dc0b-51f0-4aab-ad35-eff0ddbc4d43,Diana Robinson
2a210478-e539-4af8-9e5f-f757d0ab732a,Diana Taylor
d04ac567-95c5-41cd-873a-586f00fcb807,Madison Austin
9615ecbc-e9c3-40d6-b54f-1c8d51a16d89,Matthew Carrillo
96086298-a9fd-4d48-9896-656b3e84e2df,Glenn Lee
e85cd036-89fa-4359-a717-2234abf9b391,Monica Bender
39394118-e0c6-45ef-ada9-b9688a76b573,Jessica Griffin
7aadbd82-32a6-4529-9c28-704db15fb04d,David Sharp
0f2877ba-d901-4341-89bc-476286844535,Carrie Johnson
8bdbba76-ca02-47ba-8d53-a4e751a95635,Stephanie Campos
98d222fa-84a4-48e6-a9e5-50a1f6c04c51,Julie Wyatt
24a16519-aecf-4ced-932c-12692ad24dd9,Sonia Barnes
f1ff95bd-15bb-4936-bb37-9481c8217e66,Jennifer Manning
e6404065-93dc-4003-a978-6eb163bbd92d,Michael Lyons
c16df1c9-a53b-4a84-898e-6c2e5290d213,Andrew Cohen
410e1037-e604-480b-a1d2-2fc276294532,Pamela Johnston
4391c29c-d0b6-4d69-a138-b8329a5aa9bd,Amber Coleman
d2e1c685-b357-42c3-a096-c10434d69a01,Deanna Kennedy
e369bbf1-82ab-4c55-92d9-d5dcf33e98ae,Anthony Silva
5338fdce-6917-4861-b874-42e99aa9810e,Ashley Le
4fe4afaf-4840-407e-882e-06c24fa2f44d,Stephen Solis
8c4c8f44-f319-4622-836e-13e694aaa21d,Veronica Buckley
335eb3d0-87fd-4624-8101-419f285d6f57,Kyle Evans
d42fa18b-adfd-42b4-ab82-7f6731d7290f,Harold Jacobson
5dc7bbc5-ce6b-4403-a712-ad2f47eb7006,Joshua Buckley
00db9116-c8b5-40e9-890d-8c2907f15344,Jeffrey Joyce
e139691d-b961-49d4-86a4-697f46690c4e,Samuel Vincent
cc965516-1d46-43fa-bd00-286d9316c5c7,Thomas Fernandez
4b7099b5-53e0-4a39-bb92-4cf9e817d887,Ashley Ross
1f3c1b7a-c1d8-446b-8446-c9d55906634f,Mark Garcia
e5089888-b5c4-4010-8321-6bd23e749816,Connor Watson
04b81795-f7d8-4348-baa8-235766846095,Michael Santiago
711cfba6-0dc1-4686-9f0d-f5321a56e062,Sergio Johnson
d2e8e485-ee78-4278-bd5a-2fdac22b07dd,Lindsey Salazar
819961eb-e110-4ee4-a2e8-12ad6e57da88,Catherine Robinson
2fabb3fa-579f-47b4-9326-24ec37e93bbb,Dennis Kane
19cf9a7b-ef6e-4ab1-9393-c84a92998507,Lauren Waller
c63849c0-aed7-430e-97f1-fc381319ff7b,Adam Rice
5979f133-9ebe-4b8c-a351-5af466de89ae,Zoe Graham
2be074b0-071c-469c-b06f-f679082ce544,Chelsea Schultz
8bba5053-22f0-4360-8ab4-5e6046798111,Sara Dominguez
f953c5ac-7b1f-43ff-ae4b-6b10e6fa8a69,Dorothy Arnold MD
aae4419b-b7ea-4458-a0ac-33ad143f0bf6,Julie Johnson
ade30a6d-3cc9-4af7-aff4-7c001192ae69,Carrie Mueller
0d62a11c-aca1-4b88-8ab8-e710d8f38c48,Ashley Santiago
75fb9e55-82fb-4f2f-9268-85d02af7cdb7,Ms. Mary Parsons MD
1a26d1a3-8f54-4f31-9fa8-016d3c2b4060,Ryan Rose
d29fa065-7922-4f45-aab3-13153ebedb68,David Garza
757f35b3-e9d7-4a20-832e-15dbcaee2d61,Kristina Garcia
b035a6bd-d81d-407b-84d3-27e11cda9439,Dana Simpson
905505d5-56db-44f5-889f-1a5748dd6e35,Robert Allen
6d8310db-92ad-4f66-bef5-21f0d0387adf,Dennis Sims
61aa6fa7-b245-4722-bebf-1c1845e736b0,Carolyn Ramos
1d3c5015-95f3-45f0-98c6-2ef1e45c187c,Stephanie Price
60752b5c-44c3-4040-b6a4-393fd7e0bc1d,Marissa Greer
c716c11c-70f2-4ac6-a6a9-efddb2cebc2f,Susan Johnson
afb28448-1557-4ceb-ac2c-40d652e47da1,Susan Odom
f1c16ec5-00ad-4a2d-a88f-cc4458917534,Jennifer Manning
c4528c28-9914-4021-89ce-d2e86fec5eb7,Shannon Baker
b113a73d-b71c-43cc-95d5-414b8aac7e24,Emily Briggs
a00445ae-851d-4d9c-a764-e7993958e668,Devin Cabrera
8ba5811f-0be4-4327-86b6-acb86e605a87,Brian Brown
e70bfff2-362d-4751-ad4a-67734ae9e9f0,Kevin Arroyo
4398d7e9-8b9f-4de8-97dd-a93c6a181ea3,Roy Torres
fd4e11a1-aa94-4cfd-bb3c-1d7a8f57c12f,Kim Gallegos
c845ae84-6416-45f8-8fe8-fed57101173d,Ann Sanchez
a3ebca98-23fa-4d76-b0a1-fdb5a77f561b,Logan Livingston
21c4b7df-981d-4a24-b598-1c6d83c137a8,Stacey Ferguson
fcff4d7e-fa98-4241-a3a3-ca75f9d67bd2,Kimberly Rodriguez
8f03b3bb-2cdc-4e80-bf87-ec4c9a18b4ec,Joshua Simmons
b6cd2ec0-9065-46e3-9413-8e7729571623,Benjamin Jackson
8d793a4e-5685-42f5-a9f8-ea367b8b1995,Daniel Smith
6c04b5be-1ee8-4669-b361-732e6474c7d2,Jonathan Schaefer
c66dec66-d3e8-4ba5-a4e8-2369c087f2f6,Jill Johnson
880646b5-f595-48c6-8edb-e6fabbb95ae1,Matthew King
6a54b266-209f-4612-b815-9e519d60fa37,Brandi Jackson
e1e38008-81f0-4cdb-b571-63de5dbf8e9d,Natalie Hatfield
dff8f97c-98b8-47d2-bfc3-247733982d82,Maria Phillips
04fd1316-54b5-4099-9264-47976fd55f74,Gregory Wyatt
cca76299-98ce-4d4c-bec7-9fe7613786aa,Mr. Robert Wilson MD
0b45e770-8aae-4f34-a63a-b7ac9e886f7d,Valerie Russo
36e05180-4be4-4695-ac51-1767d2e26b44,Kelsey Walker
d3b2db61-0747-4fe3-9ca5-5ee567b9d006,Andrea Moore
afb98961-ac1e-4772-be78-64977aebf568,Shannon Yoder
75e0bab0-c547-4512-b0fc-1ff5fcc1ae01,Carol Vasquez
d9ff8f19-914c-4587-a1f7-fc9e892f21b0,Dawn Thomas
8862ed6b-2b36-474d-a0ff-b443a49724b0,Jill Mcknight
ed1a7441-9ee2-4826-97ca-eb7bdb913d8e,Kathleen Hudson
2c55b628-a0b4-4717-804b-942e6f39eb6b,Mr. Nathan Petersen
145cecd1-4e33-4f24-ba7d-a02dc959f9d3,Jacob Barrera
34332331-24d3-40e1-bc93-4ae78e73d81c,Robert Perez
070fe3e4-ffbd-4614-9f62-a05ebf771feb,Lori Rhodes
8306e667-b4cd-4944-9a41-7ba8c31fb6d1,Johnny Lynch
2919f12c-b363-4ef1-b24f-5d6a5a2ced88,Jean Rosales
6c422e77-0d2b-4e27-8662-4ac50d1373fa,Scott Webb
6cea1c84-6654-4c1c-9ce1-3c09655ff384,Jean Hansen
bacd865e-2b6f-4aed-8d58-0a23ab9920d7,Sabrina Downs
04a79deb-61e0-4200-a561-33655da5d784,Christopher Smith
6fe21531-7cae-49fa-b422-8a63891714f3,Brian Mcdonald
661e157c-a0d2-4055-a0b5-1a3bf636cd55,Audrey Marshall
cc193c95-55d8-4340-b376-def13f59c85e,Jay Cunningham
dd897309-8483-4683-b4cf-f86bad2a79d3,Diane Haney
5e7e8f8d-19e0-479e-9f42-43138f00fc5d,Benjamin Williams
76f46133-4a55-4bab-89c1-7bca93a2e5b5,Kimberly Morris
9101ec79-3182-4ae1-875f-33c53b4d5bc5,Joseph Robertson
f2fe9a95-7791-43a5-8d00-02bbf508f498,Ashley Washington MD
28f4edfc-44cc-4771-bdac-51bc74e06333,Bruce Henderson
87b92f93-2815-4843-a2a1-7d83fc69e545,Christine Wilkerson
fb0cf9b7-d6ce-4631-83fd-d362ed2026e3,Bryan Thomas
6e634dc0-5b1e-45af-b3e8-6f4ae7b8cf36,Heidi Smith
c9f48f66-cdf9-4076-8fa1-4b00e0245d6a,Lindsay Shepard
bd561dd6-9de9-42d0-b2b3-6b25760e853d,Lee Hill
45b3affb-780c-4f81-9dab-bfa5986096b9,Maria Morgan
40bfbe49-52c8-425d-9b1f-84f930d8a234,Raymond Garcia
029fdd92-5886-4915-bbfa-f21021907747,Paul Gardner
d03d6c89-5377-428c-ae5e-c7e3848d5e01,Tiffany Bass
6cc3d117-cde8-479c-824a-9a479384f1a0,Robert Robinson
4a9b1a08-2b44-4a1d-99bb-b56dc3673875,Amy Johnson
ebdc664d-423f-4881-9b19-418222968348,Rhonda Watkins
369984bc-ae7c-4765-be27-e12f8e856825,Jared White
4146ac78-a179-455e-9150-c857d98b6c06,Melissa Pearson
77ba7b2a-6b82-4102-8392-15dc0b4e95f4,Jon Rogers
aff799cb-9848-44c2-a2ce-eba774f029cf,Jermaine Young
fafc6fa5-2213-4cd5-a38d-e26118c63439,Kelly Carpenter
faef08a7-07d1-4477-a1e6-cb479f0c50e0,Kevin Booth
59a2163e-a899-41be-b8f2-90208666d04a,Darrell Cox
78ceedc4-c5bc-43f3-afc8-4d7588fa2f31,Jason Parker
34ad7b8b-dccf-42d2-911e-7219953f0321,Shawn Stevens
e252c04b-9db4-4114-8ede-a05adc58e5e7,Amanda Bates
5e6f1aff-0e2a-43d7-bd1f-5d1424fb4ca7,Carl Marquez
b2ba0d58-3637-4a4f-9d1a-f9892f297980,Kathleen Williams
d7b09bd7-57a5-467d-a22f-f8bc89c81b66,Dennis Johnson
ed471da7-b350-4c7b-9963-208b1137347a,Theresa Barrett
d8d71bb7-1161-4258-987f-dc1bb4c20148,Marcus Wood
f0161bf8-b86d-4892-8a9b-ae56a503afab,Ashley Davis
0d076e84-494c-450d-ba47-d46ee7f3b642,Margaret Roberts
9e78a1e8-5423-4989-8362-1a9d20e7bb0e,Richard Myers
25955c32-3449-470e-b3b0-92284b4d4b21,Dylan Smith
1fcf787d-01a7-402b-ad1f-5a18e6e67245,Nathan Cox
4ea88797-040f-4581-9719-308d142af5e4,Jessica Grant
d343b787-f4f5-409c-9a7c-fa3b16c568b1,David Edwards
1d89551b-b801-40ec-b427-3b02795e28f8,Anthony Green
76b73b1f-0ec9-4a6d-980f-7e4366c27051,Gregory Glenn
4bc6be9e-c8b5-4217-8f3d-db84bd735343,Amanda Harper
dd9e2c0f-0490-44cf-9d96-196adafcae82,Natalie Hatfield
c01a2b26-a33e-4361-bfca-0ef43a570988,Philip Sanchez
0a25af34-9d44-4913-8a16-b81f4865e9f6,Cheryl Jenkins
a1d22ef9-b5b2-44b2-b4a6-c690826d1c46,Dana Ballard
ac86f665-2b25-427e-be15-10a8574601dc,Michelle Tran
2f91314f-7793-4f19-8bab-e1a4cb410b19,Gerald Figueroa
1f980993-2c93-4766-932a-2d731ac955a2,Theresa Williams
b56acffc-3610-4143-8323-49ab41c539c9,Leah Hensley
727e5d0a-0cef-4a13-a28e-96bf9e93378d,Joseph Sanchez
a8653899-1264-406d-b383-f53f630ade1a,James Santos
d05bcbea-048b-40b6-838b-f442516c2c8b,Jacob Ortega
0ba73914-cab3-4c0a-933d-395b257b7008,Susan Lopez
3fcdf6e0-ae36-44b1-a5c4-14005c4773ee,James Anderson
9fa12564-1903-427d-bb76-8074e2808bc9,Ellen Jordan
077ed3ae-c1a1-4f0d-bd77-b22f26ef4dfe,Tanner Collier
427c9eba-6bbf-4908-8eaf-822ae1b24b66,Monique Martinez
9b383846-47ad-45e5-ba25-a5fdd757f0fa,Robert Marsh
70d23672-7cb9-4c29-bf19-b0cfbfa965ca,Stephanie Powers
3038def8-eca4-4181-bb05-eab41cd5fa8e,Sydney Wise
bd12fb44-a84e-4c38-b3be-a7fd6eb0ad73,Sandra Farrell
c3d064da-4862-4e22-813e-dab4652c8ee6,Jacqueline Lewis
5b7e4f92-fd81-416e-949b-a02c4fd13117,Mark Jones
a416e237-48e4-4571-8b8f-4dfe345748ea,Deborah Patterson
4b91be4b-ea85-44cc-99ef-30cc80507ca8,Karen Brooks
98bf0d49-b07d-40d9-a362-e056249a8447,Douglas Brown
7439e846-2671-446e-a980-c9da9fbffe60,Jason Callahan
3ad225da-8353-481c-a68c-358070fc5ee3,Christopher Haney
08cb00fb-3a94-4d10-83e5-75dabaa73125,Adam Reynolds
46bd793c-15b6-45c5-a042-e268038e9e42,Jerry Kelly
a8b23416-c086-4b12-9236-443d064f5d75,John Farley
e42f207a-a39c-4dff-ae31-230397c6916b,Alexandra Chan
7008573f-6178-4a34-bc48-13421306984d,Gina Porter
ac30a3cf-dc07-484f-82d5-2f4dc03b89b6,Patricia Patterson MD
3de7fab1-3d44-4bcc-8c6d-580c7d4a2094,Richard Li
18c8ee33-f7f9-49d8-8a7e-a7fb58cd0bd2,Mary Mills
08ccc83f-ff88-4fd1-ba02-43493f94d92e,Jennifer Sanders
6367a4ee-e23c-48c9-babe-5a5ff217795e,Christopher Holmes
4b0bb588-4d86-45d7-b92f-d6150e6937d8,Jeffrey Barry
5f0794dd-eb8c-4277-8f34-522f4ee06bad,Tina Grant
258dd7ec-bf97-417a-8e7d-448e15d2e608,Laura Reynolds
1227504c-4510-49b4-a680-a484bda58f0f,Allison Young
d37c4b38-4d8a-4358-a0d9-aa0368009ce5,Rachel Willis
d89d524d-f769-4d1c-b771-1f3ca343066f,Alicia Norris
b03e1283-86f8-403c-b689-2a7adda46cef,James Mitchell
d367b9e4-238a-4ec6-8714-ca9657660041,Heather Henderson
74f883e0-7b16-4ee4-82ea-32d66e9918c5,Alison Benitez
b466e873-1002-4698-b095-d667e373dae5,Crystal Porter
5de4b330-0c00-48aa-999d-b1c24121a3bb,Madison Mann DVM
a1b43815-b36b-4db7-8635-3d93e2f1dec8,Nicholas Colon
5480ac96-0196-4563-9034-4fc9d1dddf52,Justin Turner DVM
58da1ca5-d4ab-4893-ba81-e643fb8e65fb,Kathleen Lucas
c6d6078e-37b7-4bc4-bac6-500ab14500b3,Amy Mitchell
2f3da7b9-4f9e-43e1-af0c-3896fba1ae9a,Lisa Lopez
e61d8368-87ba-48ed-a51c-7e2d01b1ff11,Jeffrey Durham
bdd14c9c-bf24-4589-90be-f43bccb7b890,Maria Fields
c3c2d9ed-654a-48a7-b0e0-9ee90d8d49a2,Cheryl Patel
7b64a1ab-0b4f-4e44-b5e2-cfe53f29bdc2,Matthew Rogers
d063630d-0487-4f43-bc74-74fe61d6a807,David Nguyen
ca04d56f-ec29-49f1-acb0-5a314b57b4c4,Katherine Ryan
cae194bc-898b-449c-b4b8-2556ed29c318,Manuel Mooney
9e34c43b-0dd1-4882-a8fb-5e11e1fdad90,Samantha Coleman
10f25701-8b3c-422b-a617-2a3888e720c3,Hannah Ross
1a0282a8-a94a-4b4f-ae62-3f4d5b6d07b8,Emily Hall DDS
a5d5ef22-eb25-4467-9ec9-83dc09ab5567,James Lopez
0403eba2-a60d-492e-b34e-7bba1b4ec36d,John Gross
6fe93f1d-85f2-46ee-bfa1-16614d874ae7,Donald Robertson
865df5f4-5566-4e90-8f56-a2b9c4623da9,April Meadows
c3808ee0-3980-413b-a137-8193a28b5b0a,Austin Tanner
cffbc907-4367-474c-90ab-c3b2f1f7fa1d,Sarah Hunt PhD
7e1bd971-c05f-440d-bf95-971df59107b7,Natasha Johnson
c0964f56-1e31-4a55-87ce-6395209044b6,Tara Osborne
fc784196-978c-4b86-8cf8-fe67e11eb84d,David Freeman
a4706844-1b60-42ad-b48e-0c5f7c419647,Sandra Gordon
a7eb8dd4-1eeb-4ab7-a14f-44463a5840fd,Mark Chan
133583e1-1929-4cce-99ed-98a4a9ed51fe,Mitchell Thomas
d65d20a1-3822-4960-b2c5-a664b0a107e8,Gabriella Choi
fa3a12f5-2883-4ff5-9cff-c066cd7c2a61,Matthew Zuniga
4b743391-b989-416e-afa6-6a8e883e498a,Michael Davis
f6b8aaad-889b-4d12-a3a0-49f688ea8700,Kimberly Oliver
2ba4860f-7d57-47be-bfa3-4fb9c31ce921,David English
fee4f91b-51c1-4cff-858d-a80b47c6b125,Bridget Vasquez
dfe274a8-b488-43fa-88d7-cb43575c7377,David Schroeder
4deea148-67a5-48e5-b2b3-df4b0ac356fc,Alexis Gutierrez
58f361c8-9429-4ebc-9eed-d4dbc6d828bc,Cynthia Frazier
811c97e5-08e6-4bec-9b4a-a84285550a83,Darren Weeks
88fa3c2a-f9ca-4d1e-a7df-14286126ef99,Steven Reyes
e6eba663-ea33-4e4f-9b49-a3dc5f8ba1c6,Gabrielle Hill
4aa6a262-a977-4980-8f94-4786369bdf75,Elizabeth May
96c4afb3-fe2a-4830-8bc6-ed67604aac44,Taylor White
f19d1ab9-7e5e-4b00-aa67-84ea787531a4,Linda Williams
dfd0ceff-4208-40d5-8f14-80848547eb2e,Laura Callahan
d2290cd0-6f09-4891-819f-a24fec9695fb,Sherri Hernandez
73b2c4ab-dde2-44f9-a9ad-6098b673e4dc,Richard Goodman
3db08812-c0d7-41e3-9e18-4212b7849188,Nicole Perez
81aeaef9-cfd0-4403-93fc-4195b7c71fe5,Brett Santiago
e7c95fe7-6856-4e9a-b724-747a595bae9a,Brian Ford
5a9c4b1d-7984-4cf0-9f60-7ad101484af2,April Curtis
08972add-042a-4137-b68e-932abf280b95,Sarah Smith
21eddbed-a088-47dd-8676-e0ecd9bddeba,Ryan Hart
5c84eb9c-7517-43fc-9cff-b0e36227008f,Lisa Martinez
b10bbb68-da27-4272-b0cb-abe56eb3c832,Traci Patel
95e57b1b-e566-40a6-864b-a753b9b99ab7,Mary Harrington
09bc608e-2f1f-4178-a099-5f890981dfa0,Mrs. Ana Garrett
55dede77-c97f-496b-913b-b9fe01763838,Joy Peterson
79612618-e0d2-455f-8327-b0a3d4df435d,Madison Davis
fc34cedb-7d3a-4f98-8012-3eb9fd486c40,Kimberly Butler
7d0793c5-9ea8-4a81-8235-515b2be24d15,Valerie Howell
e7e5f91e-0c17-44e9-85ad-e7431c1f6283,John Nguyen
26a074e4-7040-4763-87a0-02151f9b630d,Shawn Rogers
18f2e89b-b286-425f-95b3-cb32b7aada6a,Dana Williams
fc1b0677-9cb1-471a-9a06-fe0b8159e015,Janice Valdez
dc90c8ad-6c6d-4607-875b-ef745d3e7d99,Ryan Byrd
260daab3-3093-4431-be59-a712f6eeee08,Teresa Summers
b1934957-40dc-4d35-8f4d-37216a2779c4,Shaun Berry
39fddf3b-266b-4478-a235-9e8d35362d91,Nicole Russell
449d0eb4-8fad-4658-869b-a5666ef901b0,Shirley Kim
85ff8a4a-07a5-47ea-bc99-35f91db2ecaf,Courtney Lee
2cff102a-525b-403e-9b53-f04e44e37025,Sarah Harris
5a178552-c4f2-440c-a2f7-f70d61fdf3a1,Lisa Jones
41b1af33-9369-49c5-9b4c-dd9768ccf456,Samantha Miller
b196656b-a770-41dd-adb4-93a8cde5428a,Alexander Burke
e0b19adb-0c1c-4754-9bd9-8ff06e15c2c7,Andrew Stewart
eb896c85-7e60-4d8d-8417-99e900640202,Kristi Keller
be5a1c99-3bbf-4165-ac51-be247c8824d1,Anthony Rice
a9e051ab-b408-4d8c-a1d2-0994d6393191,Cody Gonzalez
915729a2-ca94-4994-b2d7-d8d43ada09d9,Derek Marshall
13537399-492f-4e61-9ed4-b6057fbea10b,Patrick Shields
1e492f06-66b6-43fe-8c23-979d0fd1befd,Rachel Graham
6ffef4ce-1542-4b6c-9ee1-2206c9bf59ef,Stephanie Evans
cca74de3-f23d-48ba-90d8-32aac6731a7e,Victoria Terrell
e4c48d4b-ea31-4c09-81b5-68807d5fa767,Aaron Williams
b4b0d298-bf84-4274-88fb-95005b44c155,Steve Blanchard MD
935005a9-0651-4faf-83de-a0142443eba2,Darryl Green
8e66f123-1b58-45ea-8dca-199e823b3b46,Richard Lee
b2e7d151-e73f-476c-bf7a-62b832af76c8,James Gutierrez
8144989f-d7da-446a-8133-d1037dc14531,Michelle Gaines
3bebe20f-7ad9-4571-bb4b-953105c2e410,Justin Barrera
b7d0eba7-b444-4208-9532-b00d1aae2dfc,Eric Young
92076cfe-13d0-4759-888b-cc8245065ed1,Adam Rowe
7afd29fb-6aaa-4e0b-94b3-6d70b86960de,Ronnie Knight
2f59567e-6fe4-41b3-a13a-2f5568707bd8,Kevin Jenkins
d595f851-f9e8-4694-a70e-fc64cbbf0f49,Brandon Lopez
e6e61017-5e35-4dc1-b9d0-f3d8fc1153b9,Lisa Mendoza PhD
5843ef8b-1746-4018-81f5-e51fa8a517fe,Alyssa Alvarado
1bf0edc7-ea01-4702-bc05-4919aa08c7bb,Christopher Schmidt
92b909db-a729-422b-b909-8258b62d5535,Stephanie Williams
3be74e05-e838-4c9c-9d5c-3e8201371f56,Luis Francis
c655ebe2-6284-4baa-aed7-ffcafa0a649f,Howard Copeland
04cf2e2e-78f8-4fcf-833f-64634ce19899,Dawn Williams
875dcbc7-3cd5-4ad6-9896-250015442cb1,Ashley Porter
712f36c2-0d8f-4d12-a490-9cd94c7f0eb4,Tony Murphy
f7f35d27-1487-433a-bd12-9195eb643cf5,Sydney Eaton
9bbac0f9-9e85-4b47-a13a-84ed7ea2a83f,Kelly Kelly
bf1e0f95-f2d3-4b3d-a103-7633ca4aee01,Kathleen Goodman
7b2338b3-33d2-4b5c-b6a8-618a5eb5aa8f,Michael Gonzalez
1ee8341e-3658-441d-90ba-eacb9331b11a,Jeffrey Cannon
67291133-ccd3-4750-b326-67d7106bd9d2,Benjamin Bell
4db3cfaf-2c7b-41da-8bfa-2dece3452917,Kyle Carroll
a913a083-c392-4a33-b7d4-69a1c132d229,Kaitlyn Branch
636ff233-6dc8-4470-b4a2-5e8126ec0a57,Steven Williams
16483a19-a17b-41ef-95b3-ec28040520fd,Katherine Wood
32e57cf1-e126-40fe-83fd-b3acf4e560bc,Carmen Arnold
11cf9576-e4f8-4335-9ae5-a85b37943a76,Holly Walker
dd0a994b-154d-4924-ae41-1427ad63c0c2,Lydia Williams
93f1cc87-5a94-414b-851e-73af5530ad06,Nathan Mendoza
4258e3ee-8a67-43f0-b46d-646fe902cbe1,Jeremy Cook
b157c9c8-5fea-4562-8b0b-1c1da5a57d9c,Annette Turner
bc3b5e39-ce77-437c-a71c-adf6ae0407e2,Max Daniel
2439251b-f42d-4845-a96d-cf3769081c52,Daniel Wagner
44138875-bf64-43bf-99f5-7b92dcf395fa,Christine Gonzales
9386d646-86da-4b43-9c31-326c265d03b6,John Dunn
f2a90623-4d97-4c71-bbce-faac49fb6310,Jeffrey Gutierrez
a9b2d5b7-899a-4f03-b37b-0310b1a7a357,Alec Ayala
4c694db7-9ba5-4c2d-8364-50c2dd1f7356,Teresa Murray
fb654f56-cb5a-4082-9880-e19a533ef2f7,Taylor Smith
babf23f7-3b87-4da9-8b12-1ea7e0692dc9,Cory Hansen
b84adfb5-8e08-40d3-a36c-a0f8aeff6ae4,Steven Edwards
0109b0dc-47a7-47f9-b65c-ebe5a16f1821,Jordan Mccullough
ad31b248-c441-4ee2-a471-115f23b915e0,Charles Oneill
f5944f82-3f62-4ff9-ad72-79e1cfa1b8e9,Richard Stone
32716cf5-c8ce-4a9a-a66d-69b07d22b1c2,Kimberly Coleman
4bbdeb2a-f58c-4e44-8748-08d51e14ab1a,Nicole Lewis
48318c8d-8c8c-4d3f-8ad4-89d5c15b5a21,Matthew Henderson
0de62cff-98f9-41ab-ae01-b0cdf7e684ff,Benjamin Rice
c8c7a3e2-b640-4fdc-988c-8362a197ad2a,Patricia Smith
1998faf0-cfa6-41e8-9182-d4d911911f04,Carolyn Bishop
bc75e9d7-310b-4952-ab1a-e664467951ba,Carolyn Moore
2b2cc684-115d-43a6-bb8d-d5b5e1dcf875,Susan Phillips
8bca40c2-b11a-41eb-a6b8-daf0e40307df,Amanda Kaiser DVM
2a3ab5d0-a09c-49c7-ba49-a2e6cf7841ff,Luke Bolton
daa7110d-d0b1-43c4-972d-7528713ac42d,Jennifer Medina MD
15b7493f-5204-4fa7-ac74-b7b985629dd1,Andrew Rosario
54b3a2e4-c4e3-4c61-8586-d40672518205,Derek Brown
a857a172-f52b-4227-a946-313d3e955dd7,Alexandria Jarvis
0f4fc866-c49b-4da7-8739-62be5fb9c6e0,Wyatt Carter
8ebcc66a-81ae-4537-9942-c19199ade4d0,Nicholas Ballard
97d00bdf-70b3-4f1b-863c-5331c9987d4a,Jeremy Stokes
7b1f200c-67a8-4fe0-ad7a-5fe24be261d6,Brenda Jackson
5e079b1b-37d0-4e61-99ca-c9ef2c2e2933,Dustin Macias
52d27db7-cdde-4dbd-ae4f-cf38f2f183aa,Jeffrey Boyd
7ec17140-b496-41fb-917d-d332d33b2fcc,Laurie Ortega
458b0c57-1d48-4eea-bc53-c407f1b20a1d,Michelle Barton
915a9912-4321-4f42-8547-c142cceb032e,Brittney Baird
b2af5754-b79a-4ae5-bda3-dcd974f6e623,Robert Cortez
eb658300-19dc-4990-a068-51f14f4a1dca,Sandra Norman MD
1f01c487-e95e-4cf4-8df4-86e107dee3dd,Amy Garcia
088b079a-284f-446b-b55b-8e9631667930,Janice Brown
59759565-4723-4db0-a076-676d13dad455,Justin West
1c2933df-839d-4831-bb61-9ff4c20e1783,Maria Nelson
fd86609b-5a4f-47ca-8e07-1acf679e0067,Kristin Payne
4e91243a-cd43-4b88-8fe6-429ef0d99cd4,Hailey Galloway
2555b648-932f-4022-9da8-4146165f4c74,Michael Macdonald
df560c11-f3ad-4087-826e-3739b1829dd0,Brett Brown
d8b3394a-7521-406e-811a-5921b08150ca,John Weaver
d59d82af-5d62-4544-b06d-20fa31bee4df,Corey Calhoun
5f2d7ec8-086e-4dfa-beb6-d89fda128d96,Steven Vaughn
d261e33b-35e5-4486-b621-ac3d8aa3d08f,Jacqueline Wilson
2b71d345-7d1a-46df-b8ed-2aeba770d985,Grant Poole
5f5cd510-f974-44d6-90c8-33940b748eb0,Robert Lane
a1624712-b23c-41ea-9e30-f74c73ceed33,Shari Mills
0757f722-6498-41e1-a9b4-a992b9d04874,Jaime Wood
4f1f97c0-2303-4606-98d2-cd5949cb6ba8,Jason Rodriguez
b0de941e-f41d-4356-8e7b-2bad52d63aa9,Jaime Hester
7836a44d-889e-4ee3-a9e8-77d1c34187ae,Robert Anthony
09005807-0ee2-4219-9a07-f2e3e4dc68a5,Pamela Rodriguez
723d3353-e0ab-443c-b0d0-f6fa1410570d,Gary Ellis
853d2b21-5a44-4ebd-974d-2050ea38ca38,George Ortiz
b22d1c71-e586-443e-abb9-8524a2ba4b6e,Scott Jackson
aa18588d-978e-406f-8cdb-24d1517f2096,Lauren Rodriguez
da92eabf-0eda-4acc-ab93-01c56e82316b,Nancy Rodriguez
f6a886bd-5b42-45bb-a422-f71a13c09675,Melanie Mendez
cd17765f-045e-4a85-903f-b455e70b6817,William Clark
9beb43cc-43a0-4ce9-943c-ab00230ef590,Stephanie Navarro
77202b2a-f3b3-4957-88e3-194268dc26e1,Corey Rasmussen
b8f14c07-b519-4510-a945-c88e9015b4a1,Sharon Sutton
131ac704-8a14-4c00-89a5-5a64a1e06df9,Gina Kim
98281562-1f65-4bd8-bff0-d815154a73ad,Jessica Lynch
e081fdec-9e89-448e-b33b-afd8751de327,Melanie Cervantes
132fdfd9-45ed-439b-8017-0366a72b8b23,John Brewer
90386fff-285f-4e5b-bac7-b7c5629bba41,Jeffrey Torres
57d844f7-ddc9-480e-8c3d-0673c8d8c319,Tamara Odonnell
9a79a4a3-de04-4031-927a-76687deb5ebd,Jeremiah Smith
7ce0938f-5479-49c6-bc4e-7eac3aa733b6,Michelle Herring
901c455e-3caa-4c49-b726-047e1b60660e,Jeffrey Lopez
eaadf53a-10f8-479e-a56a-46a6309daeb4,Rhonda Bowen
20e794f8-7b04-40e0-943e-5ab9057c6ca0,Patricia Webb
b933ddc7-848c-40f1-bfcc-41bcf0b14584,Paige Lawson
d16f116c-407c-4813-8378-375270f66338,Jean Adams
051823cf-c539-49cd-9180-2e54cc11b346,Austin Norton
48968745-e7cd-4c0e-958e-14a852134576,Jose Cook
68ed17cd-fe4f-4efd-9386-735e08e901aa,Shawn Cummings
1d700833-07eb-4f74-b57d-0a1974861dda,Max Alvarez
c58a83ce-fdff-4806-903f-ba714ef1b969,Troy Lynn
3c4e4e8a-8377-4525-b860-06dac1c07745,Sean Manning
1eda8e47-f675-4d76-989c-375bab3ebc44,Denise Clarke
d83ac316-76f5-4742-9602-cd1769403888,Glenn Galvan
997a1bcd-8076-4052-a6e1-1423614e3a0a,Erika Roy
cb28737e-37fe-4744-9a7d-76b5a341b31b,Michael Martin
49c80716-d3bd-4554-8e0f-5ff6fe6c6c09,Stanley Crawford
1481484b-135a-4cdd-8a1f-b2c44626caa2,William Trujillo
c6ecc6d3-7f9f-4c8d-a890-975b764b4dda,Sarah Yang
fe78c45e-48d4-4a19-ac66-657536f83a7d,Amanda Castro
9fbb2643-1829-4805-859e-77049bfb4bd5,Scott Cabrera
4c8f01bd-4f50-402d-b927-57060c333d43,Kimberly Jones
0faf0cb9-10a9-4ed9-b9f8-c7c3df4b7e39,John Chavez
5f679663-8f31-4342-a851-89f6318b599e,Melissa Wilkinson
d0c0f134-571e-4aef-b46c-c9ce7f9d9bef,Sharon George
01380cf1-07f7-4b7b-8a5c-19c1acbc966d,Dustin Sanchez
f9d3b52d-0d1b-4b90-a4e1-ecd9bbe2e5e6,Victoria Parker
d63184c6-5c55-4170-9065-4fb3d3dd4118,Lisa Snyder
79b1535e-698f-4bdd-a1a1-91e63401f0ee,Cathy Hernandez
efbda13b-3864-41a8-9f4a-d7926084a0b0,Mark Johnson
b0abbac4-ec4b-4547-a281-4d99cd323242,Tanya Anderson
19164c53-c760-4826-b94f-b56c6984b6b9,Andrew Aguirre
cb73faa5-80f3-40d5-82d0-3e39382c2ca7,Dustin Andrade
27d6b545-909f-4429-9d58-ea7c1b0e7b72,Sydney Weiss
5b980366-1efd-46d2-9cde-cad55e0acf3e,Valerie Bonilla
16a46085-b30b-42f3-a278-906c0bdfa4ef,Kyle Saunders
8d5c6603-463e-4477-8966-e7d7a26981f7,Paula Garcia
f4cd0979-e5a6-4834-9e9a-028ca7ef3abc,Heidi Branch
08ba770e-5f67-48f9-9985-d2f0e8f7f826,Michael Jones
5fc3b7e0-b086-412e-8596-6f6114457c1d,Kevin Gomez
f0ff1daf-4a44-4b2e-a5b6-f29561b7bb0b,Sharon Evans
8c14ea0e-2e95-40fa-ae67-9d0f28cfa167,Brent Barber
345a2245-36ce-4587-82a3-a87bf718e8ef,Wanda Diaz
12a84698-8641-4386-90b7-4b74e25e7036,Victoria Cameron
2a85b62b-1d70-43b3-9705-4c4aba4104d8,Jill Barrett
23d73d15-92a3-4a48-9073-be74ffd4aead,Melissa Mcknight
9774a7c3-5c31-4b7e-b525-75e06684d356,Rachel Martinez
f851c129-8bb5-41d2-97e8-84aceed04740,Brian Estrada
6a71ecc0-bd85-4406-a292-014202e6e941,Brittany Hernandez
73cbfeb0-26ac-4e9a-bb15-db3469cbcefd,Michelle Mendoza
d2cd8899-e452-4439-b2cc-c3e0247e752a,Jesse Moore
2f569555-c553-45d0-a5ca-68473cc6d5f0,Christopher Hall
45642d99-9bf2-4bc8-9a4b-6fa83887c3fb,Regina Chen
893eda59-5b09-49ed-a6f7-ae5a81e46ee9,Jeanne Morrison
c081c90b-7bd0-4f99-90cd-1bdcba923c3b,Tyler Miller
a02245fd-2a3e-4f77-865b-d9588f09f5d1,Melissa Sanders
909215e9-10fc-4494-91cc-1c863e3ce0e0,Gregory Roy
50836a44-640f-4038-8ab2-ae0d2c3fdc09,Evan Marshall
ef254882-3bff-4b84-852c-bdd7e208062e,Courtney Dunlap
c7f073b7-11a3-4d0e-8a4a-c20af174f6f4,Leah Caldwell
d086d194-a280-4611-9479-5d4042355e29,Dillon Coleman
733ec5e0-719a-4004-87c6-67f692a4b468,Jasmine Knight
3e963a31-b0bd-4006-b14d-0a4028b21605,Robert Everett
4a58aceb-388b-4514-a469-24b948ba3be9,Kevin Evans
17554419-a392-4aed-aa0c-f420ae6ca763,William Smith
fa45d172-6122-4ac5-bee8-9ee74281ebe7,Jerry Wilkins
ca803221-399e-4140-82d7-28b28a47b8e6,Alicia Clark
de9dc6c4-6f2a-4b63-b58b-e823af2c8872,Kimberly Mccann
7517a473-d18e-4b56-90dd-8de53dd128cd,Timothy Bowers
c60faf81-4cf3-428a-aa01-49c8240761e3,Ashley Martinez
8b9c7920-7e7c-4ed0-b236-b70146d16ae9,Mary Ruiz
5e3d257f-d1bb-4549-8023-13a8588e8a0e,Stephanie Dorsey
ada9663c-68c4-4368-90c5-132334320402,Christopher Benitez
1981880e-890f-46e3-b90e-9c2ee80bb3bc,Joanna Jacobs
1c22fbad-203f-4009-8cca-155f2e49ccc8,Jason Chung
3e663320-a925-4384-b9d9-d4234e5babfc,Michael Gray
7aad172e-1f41-46ec-9187-f22c2f6c572d,Caitlin Vasquez
f6b5d40f-0f3c-4a3e-ba21-c756e5e156d7,Daniel Wells
ef518c09-095d-43d8-972a-b392e4446a55,Christina Patterson
6c8f9ff2-5772-4c1d-9d8f-99213174cf18,Kimberly Stark
4fb168f7-ecfe-4833-a10a-346769e4b122,Wyatt Hickman
dbb7de4c-3e19-402b-ba56-0f8414826d52,David Reed
397333ab-0685-4543-908d-187e2e130023,Derek Cox
23dc40ba-18c7-49f0-bd6c-179ad7105bfb,Susan Taylor
39a60ede-c426-4af7-848b-e9d5455b6b6f,Amy Hall
3a57a5b8-23d7-4761-8f94-d6447439793e,Brandy Joseph
d812868a-d0a6-4e16-be96-b0cbe2c3c9cf,Amanda Foster
53629b6f-f1fe-41e4-bdb9-8214a2c8d55c,Ryan Davenport
8ebb88a3-6c60-4094-86ed-21afd6c1b274,Mary Ellis
446fbfa1-de26-44dc-a8ba-a19da083215b,Anthony Ramsey
2191f07d-c402-4240-a2b2-3b6f52613a73,Maria Cabrera
1c607bec-a989-4e6e-9989-3e80909ee984,Renee Price
308c37b8-2ed3-4b53-812d-12186d697236,Carlos Lynch
a0eb8c6f-b119-4617-94c2-352d01e8c9d1,Tracy Santos
284cd157-464b-4043-8eb1-539ff8c73acc,Mark Brown MD
f8eb81d1-332e-4bf3-ab0f-f629f08bb2b1,Lauren Hill
9d189c2e-fc6f-47f0-b810-9ac73148eb12,Harry Smith
2c30ba2a-cff8-4904-a868-5622735a3b67,Dana Smith
db788c1e-c48a-4a3f-82ea-c5b2dcfd2e64,Julie Dillon
659a9ab8-bc2a-4b2c-becd-0b35bf322a35,Anna Fleming
12bc4850-6090-45a5-af60-2b3232fab571,Clayton Brown
f5bdf89a-0213-474e-a4dc-f3ab9201fd5d,Kimberly Gregory
09066da7-6acb-4421-be2b-028c320eef04,Carolyn Carney
d6700b69-82f4-4871-9e4f-8eadfae781f2,Joanne Mahoney
ae41bde7-2321-4cf7-8054-d1a7afb5a4e2,Elizabeth Blanchard
95f47070-87af-4b0b-b1d2-f04180cf4a34,Trevor Bell DDS
82dadeab-cd34-4006-b5b8-3bb08320b18d,Scott Jones
ede52cc2-e147-4973-a14d-ca3abe417581,Brian Sweeney
52f0f9fa-1c82-4a4b-ac78-1a92f6e884c1,Nicholas Meyer
f7d0bf5e-4e35-4e12-ba30-ba8727950b26,Michael Leon
8611a414-2402-4b60-9e2e-7b6cda6dc185,Jennifer Castro
8e15b378-9fcb-4fd6-9094-7b363ac943a4,Donald Smith
cbf533ab-07ce-4648-9b28-5d057bc985cb,Troy Lane
72e2e4da-0e5d-4ece-8560-cf3ff19e432c,Christina Johnson
430b93e3-2ef4-4610-b094-4e23c7553955,Sara Stephenson
560fc071-6ad6-4b8b-83b7-630d829db9fe,Carrie Silva
2b685354-e559-4210-a649-e8c7b789c456,Carlos Bass Jr.
77a7e953-7fe8-4ae5-bd59-da7c5e47ecdb,Mr. Alfred Reynolds
9264cfd5-f256-4649-af3a-bd35aed1ecda,Adam Roberts
4ef2f684-3063-45ce-9823-cbd3423e2d33,Thomas Peterson
a6f2a192-bebb-4400-8e2a-26b954d5e12b,Angela Clark
97863e0e-a6f8-434e-aea6-dba4ed7d3dd2,Kristin Lewis
0632fe86-4ef7-454d-977c-da109c2e4d39,Sheila Lewis
45947a5d-481f-4fd9-86a3-072b8294f0fe,Margaret Lopez
d3e5e6a3-d7c4-485c-8d82-81fb0b000560,Veronica Farmer
5c43f976-250c-4098-a33b-71b3b3c47137,Rachel Sutton
2ac1724c-15ee-40b3-8d26-1ac6d166010a,Mary Wright
426da4bb-4f54-456a-9637-66e1999f0d05,Brandy Mcdonald
c7e39504-0d34-432c-9c08-b168784ef4c7,Stephanie Watkins
9e7c0742-8992-48e0-8776-8f4e40d8052d,Vanessa Coleman
4aad1704-e212-441f-83ab-d3cedc4517d3,Margaret Houston
4d62ebbc-3786-42ab-ad52-40093476ef3f,Mrs. Stephanie Riley
c6fb5176-998e-428e-b7b0-47c4a186b906,Jennifer Cantu
0c9665b0-ab67-4af6-ad15-ae23a39ed0ef,Ashley Lewis
abad953b-65b9-442c-8222-ad1f3a2caa73,Mary Gillespie
feb4f8ce-19d0-4ce3-b774-0f9f5b9c9249,Manuel Price
bd4da494-3358-42de-83ab-dbf04394ede9,Steven Carter
50fa6956-a7d8-459a-b0ac-c2931f910784,Meagan Robinson
422dfbe7-67cb-414a-be0c-fed052849497,Christine Mendoza
1ed10fa7-e5e0-4cae-9177-3a917bf9282c,James Robertson
27e3f1ea-7b18-4635-a6fa-32379b67381f,Steven Atkins
de21d3ca-0381-4d9e-9b4c-fc6458f3bd4c,Denise Anderson
cb076cef-86e4-4542-8737-e2c75273bba6,Stephen Sloan
059575ed-64e2-4e58-b174-fb6e02ce61c0,Richard Lawrence
fcce12d4-de29-413e-9dba-23bea535ddf3,Robert Underwood
1c65a4d9-ea59-4c99-9437-d6220a97aa14,Stacey Miller
2cbe25ab-3d35-4e76-8d6b-a056ac3529c7,Colin Campos
11a24113-261d-4f11-a733-caf30c85bb09,Anthony Stout
8676db7e-4ed8-452c-b8c5-41fad06239d9,Matthew Walker
83d0fb1c-2fc3-4ae4-9ac1-a8c0f6dd6377,Trevor Pierce
66d8ece4-6af7-4703-aaf7-05a2318a2ae4,Joshua Harris
67ef55a2-1d8b-43ea-af32-487ca52901ee,Robert Carter
f3836fee-b85e-453a-8684-b8076f9adeed,Kathleen Rivera
9acdbe4d-7781-44fc-96f9-cb0f2f65962c,Michael Hall
f10d7dc8-bbdd-4bdf-97df-72ec004d1d69,Larry French
fe7178dd-78fb-4b9e-a382-4739afd87382,Brandy Dennis
bbfb2e8d-0a3a-45d1-bb0d-bf89d17f29eb,Paula Mcdonald
350c7ed5-af7e-4a34-86ab-ebfa80416c7f,Christopher Hess
3a188426-9857-4beb-ae92-b7b0a030dfa4,Nathan Webb
48cf6366-f8b5-4924-a814-91386fb17b97,Ashley Lam
4e51c2ad-c7c9-4773-a24f-d8208e44fe1b,Jason Jones DDS
094be45a-2630-401e-a814-80bc980dd557,Yesenia Mcknight
d4033974-79e8-4a87-a641-35356d0865fd,Charles Allen
727a3c08-26f5-4477-9918-bf14ca17f6ac,Daniel Gibson
db25b087-6af7-43b7-a0cc-7d7ebe72b55b,Eric Adams
88871ef0-bf04-49f4-b70e-5168f0884bf6,Renee Clark
5d0e703f-5e53-4ccd-9719-e505a1a73b7f,Melanie Davis
1c54e43c-18cf-4433-9b5e-4d57aedf82c0,Nicole Kane
05c686bc-1101-4a13-aa40-d7d66edd7b11,Alyssa Cruz
84ccf028-dbfa-4bb5-80e7-eb28760d9717,Arthur Mendoza
49d99e73-b001-4b01-a8d7-408931a8a1a1,Carla Jensen
06cbe6b9-6b9e-4e58-ab79-ff5655f068e2,Jason Clay
afbe1dc9-37b9-4372-8a0d-c343ca42844f,Edwin Marquez
f82f3be6-6d9c-4829-953c-8981e1c5fdd4,Charles Edwards
3bf6f0e1-4307-424c-b5aa-64e5b6530feb,Lisa Mason
87c9f524-333e-4703-8d81-3486db252f57,Tony Garrett
f1b0273d-dfc1-4d76-8483-771e94128108,Joanna Hodges
b0d3c3de-5f19-414e-81e8-e3e62e589213,Courtney Martinez
be91ec7f-c0f5-40bf-b89f-8fcba5cd9136,Ray Mitchell
3f7d2901-f9c4-4b04-9d9a-4f5e8849e8e2,Alicia Blake
17c71f2b-73ce-48b9-a2a3-3b0bb1aff57f,Samantha Mills
67dcd100-4bc9-4fa8-9141-8019d0af1a58,Cole Kelly
9691dd15-cbd3-4624-9c35-adcceb88bbb2,Erin Chavez
60a1d177-333b-4383-a2a4-cdd80a9fdd89,Malik Cain
c56dfa12-dff8-4ebd-9b19-f624d648bac9,Brandy Harrington
6ede20dc-f00e-4c57-ba23-8d01ec5d7915,Steven Hall
7e0c12e6-52c9-48ed-8d55-5ad0d6d8c26e,Michael Hensley
afe9a2b3-ba16-4400-bea0-80eb474d10db,Rhonda Ward
80acb9e2-bde3-4a3d-8f9d-2045ddd4bbc5,Debra Hall
332bb56d-0f0f-42df-aaae-39d670d57c8a,Courtney Roberson
3ff90e3b-c12b-4eff-ac5a-3a19ac4d14e8,Victoria Villarreal
eed75a3d-2e6f-4ec4-862b-1d14d21e0225,Aimee Dean
e277686d-c870-4be9-962e-8bcfbefb8048,William Wang
b712b046-00e3-4a5b-92fc-1548061478d4,Megan Brown
